{
  "train_loss": [
    1.690943786731133,
    1.2871017639453595,
    1.1589884116099431,
    1.0767540335655212,
    1.0068004245941455,
    0.9608184649394109,
    0.9335987224028661,
    0.913543137220236,
    0.9047278876488025,
    0.8992726871600518
  ],
  "val_auc": [
    0.7785737544773689,
    0.7831325301204819,
    0.7976229241289482,
    0.8083686095734288,
    0.8178117876913057,
    0.8401172256593943,
    0.8404428524910453,
    0.839303158580267,
    0.8510257245197004,
    0.8520026050146532
  ]
}